{
  "train_loss": [
    0.8281382628034747,
    0.7097614837605417,
    0.693724617262206,
    0.6728907185308101,
    0.6733774740730176,
    0.6668561480832442,
    0.6625751866107923,
    0.6659632451226266,
    0.6701575978520955,
    0.6648628290190081
  ],
  "train_acc": [
    83.56459330143541,
    88.61244019138756,
    89.83253588516746,
    90.0,
    90.50239234449761,
    90.93301435406698,
    90.95693779904306,
    90.98086124401914,
    90.622009569378,
    91.10047846889952
  ],
  "val_loss": [
    0.5997042484802775,
    0.5535378712828797,
    0.5536568176628339,
    0.5632879076027634,
    0.5631911326753031,
    0.549491156740944,
    0.5858675105736988,
    0.5689164302726784,
    0.5441609402694324,
    0.5279599906194328
  ],
  "val_acc": [
    96.03960396039604,
    95.04950495049505,
    93.06930693069307,
    93.06930693069307,
    95.04950495049505,
    93.06930693069307,
    91.08910891089108,
    92.07920792079207,
    94.05940594059406,
    97.02970297029702
  ],
  "lr": [
    0.001,
    0.0009997557473810372,
    0.0009990232305719946,
    0.0009978031724785247,
    0.0009960967771506667,
    0.0009939057285945933,
    0.0009912321891107012,
    0.0009880787971596802,
    0.0009844486647586726,
    0.000980345374410087
  ]
}