{
  "train_loss": [
    0.6113359372866781,
    0.3951206286415529,
    0.3911081203005531,
    0.37901545894203004,
    0.37055721017732574,
    0.36646468622262396,
    0.36619906565219024,
    0.3561291581135618,
    0.352771994000987,
    0.35371528977982736,
    0.3357012363712183,
    0.33767535026278794,
    0.33784589248410823,
    0.3380794912434081,
    0.33813923551705466,
    0.3288907715008019,
    0.33547915973161396
  ],
  "train_acc": [
    80.78947368421052,
    89.35406698564593,
    89.52153110047847,
    90.07177033492823,
    90.52631578947368,
    90.64593301435407,
    90.14354066985646,
    90.8133971291866,
    91.19617224880383,
    91.00478468899522,
    91.22009569377991,
    91.26794258373205,
    91.84210526315789,
    91.57894736842105,
    91.91387559808612,
    91.88995215311004,
    91.79425837320574
  ],
  "val_loss": [
    0.2570072545273469,
    0.20997553222840376,
    0.24122256564326805,
    0.2715123972975382,
    0.21537309427662651,
    0.24472614252331235,
    0.24293346540762648,
    0.21680803833031417,
    0.23287910886920324,
    0.2517987462406111,
    0.22752989931861953,
    0.23544465064412295,
    0.21709711643138735,
    0.22066060468406962,
    0.23845949923933143,
    0.2235954098477222,
    0.2151372745485589
  ],
  "val_acc": [
    94.05940594059406,
    96.03960396039604,
    93.06930693069307,
    92.07920792079207,
    96.03960396039604,
    93.06930693069307,
    97.02970297029702,
    94.05940594059406,
    93.06930693069307,
    93.06930693069307,
    95.04950495049505,
    95.04950495049505,
    97.02970297029702,
    96.03960396039604,
    93.06930693069307,
    94.05940594059406,
    97.02970297029702
  ],
  "lr": [
    0.000295,
    0.00029492746437376254,
    0.0002947099290789559,
    0.00029434760879665277,
    0.00029384086109322826,
    0.00029319018606748523,
    0.00029239622585711724,
    0.00029145976400499587,
    0.00029038172468590876,
    0.00028916317179451063,
    0.0002878053078953876,
    0.0002863094730362712,
    0.00028467714342557296,
    0.0002829099299755452,
    0.0002810095767125049,
    0.0002789779590556901,
    0.00027681708196644795
  ]
}