{
  "train_loss": [
    0.8687417446711417,
    0.7439363772789257,
    0.7240003951998989,
    0.7120040975689318,
    0.705669518064654,
    0.7081092523045517,
    0.6986280917550959,
    0.6885939726418856,
    0.7037673151664187,
    0.7061920575548016,
    0.6930841806972996,
    0.6845751922096361,
    0.666279327241998,
    0.6869248800870904,
    0.6756674566337366,
    0.6792809645525006,
    0.6743760495094592,
    0.6720707436497702,
    0.6841458276698463,
    0.680494367562983
  ],
  "train_acc": [
    82.05741626794259,
    85.95693779904306,
    87.46411483253588,
    88.15789473684211,
    88.2535885167464,
    88.39712918660287,
    88.4688995215311,
    89.35406698564593,
    88.80382775119617,
    88.54066985645933,
    89.23444976076556,
    89.64114832535886,
    90.64593301435407,
    89.40191387559808,
    89.80861244019138,
    90.2153110047847,
    89.5933014354067,
    89.83253588516746,
    89.35406698564593,
    89.1866028708134
  ],
  "val_loss": [
    0.6650428583126257,
    0.6603768698059687,
    0.655687683289594,
    0.6962409621418113,
    0.6016828287946115,
    0.6349583415701838,
    0.6140024762342472,
    0.588819128451961,
    0.6330637731174431,
    0.6351297480044978,
    0.6006297823226098,
    0.6246159873386421,
    0.5883446548244741,
    0.5990583353703565,
    0.6079613525088471,
    0.6177860994150143,
    0.5875949127839344,
    0.5632755000992576,
    0.6233738200499279,
    0.5773110124144224
  ],
  "val_acc": [
    90.0990099009901,
    91.08910891089108,
    91.08910891089108,
    89.10891089108911,
    95.04950495049505,
    96.03960396039604,
    95.04950495049505,
    96.03960396039604,
    95.04950495049505,
    93.06930693069307,
    96.03960396039604,
    95.04950495049505,
    96.03960396039604,
    96.03960396039604,
    95.04950495049505,
    95.04950495049505,
    97.02970297029702,
    96.03960396039604,
    93.06930693069307,
    96.03960396039604
  ],
  "lr": [
    0.001177,
    0.0011767098574950502,
    0.0011758397163158236,
    0.0011743904351866111,
    0.001172363444372913,
    0.001169760744269941,
    0.001166584903428469,
    0.0011628390560199835,
    0.001158526898743635,
    0.0011536526871780426,
    0.0011482212315815504,
    0.0011422378921450847,
    0.0011357085737022919,
    0.001128639719902181,
    0.0011210383068500196,
    0.0011129118362227604,
    0.0011042683278657919,
    0.001095116311878319,
    0.0010854648201951852,
    0.0010753233776734426
  ]
}