{
  "train_loss": [
    0.8829870408801941,
    0.7634171910263134,
    0.7503598290767396,
    0.7397322050692362,
    0.7314325752440822,
    0.7187761255998931,
    0.701072647925199,
    0.6997898507916757,
    0.6930010675243213,
    0.6896563946345206
  ],
  "train_acc": [
    79.7846889952153,
    84.80861244019138,
    85.09569377990431,
    85.59808612440192,
    87.17703349282297,
    86.62679425837321,
    87.63157894736842,
    88.03827751196172,
    88.56459330143541,
    88.42105263157895
  ],
  "val_loss": [
    0.6405368476811022,
    0.666698433385037,
    0.6203711139093532,
    0.6359973892126933,
    0.6383839975489248,
    0.6417203362625424,
    0.6030833910007288,
    0.6007420668507567,
    0.6233910817911129,
    0.6393694641566513
  ],
  "val_acc": [
    90.0990099009901,
    88.11881188118812,
    91.08910891089108,
    89.10891089108911,
    91.08910891089108,
    91.08910891089108,
    92.07920792079207,
    96.03960396039604,
    89.10891089108911,
    93.06930693069307
  ],
  "lr": [
    0.0005,
    0.0004998791072896042,
    0.0004995165484649266,
    0.0004989126813277546,
    0.0004980681018220472,
    0.0004969836434458088,
    0.0004956603764285287,
    0.000494099606674993,
    0.0004923028744765144,
    0.0004902719529908509
  ]
}