{
  "train_loss": [
    1.074788719957525,
    0.9675838137927808,
    0.9516902859701494,
    0.9285580514150373,
    0.928697213487762,
    0.9088624606292214,
    0.9119442513114527,
    0.8846444699182465,
    0.8718591712878652,
    0.8630000588996559
  ],
  "train_acc": [
    66.50717703349282,
    73.32535885167464,
    73.22966507177034,
    75.07177033492823,
    75.622009569378,
    76.38755980861244,
    75.88516746411483,
    78.22966507177034,
    78.89952153110048,
    79.71291866028709
  ],
  "val_loss": [
    0.8283510278947283,
    0.7503405502527067,
    0.7099794155300254,
    0.6972395700983481,
    0.678574015598486,
    0.7029451686556977,
    0.6982372597892685,
    0.6956891736181656,
    0.7051312280173349,
    0.6862197748505243
  ],
  "val_acc": [
    84.15841584158416,
    84.15841584158416,
    88.11881188118812,
    88.11881188118812,
    91.08910891089108,
    89.10891089108911,
    90.0990099009901,
    90.0990099009901,
    89.10891089108911,
    89.10891089108911
  ],
  "lr": [
    0.001,
    0.0009757729755661011,
    0.000905463412215599,
    0.0007959536998847742,
    0.000657963412215599,
    0.000505,
    0.0003520365877844011,
    0.00021404630011522585,
    0.00010453658778440107,
    3.4227024433899005e-05
  ]
}